{"Room 101": [{"time": "12:00:00 AM", "occupancy": "0"}, {"time": "12:15:00 AM", "occupancy": "0"}, {"time": "12:30:00 AM", "occupancy": "0"}, {"time": "12:45:00 AM", "occupancy": "0"}, {"time": "1:00:00 AM", "occupancy": "0"}, {"time": "1:15:00 AM", "occupancy": "0"}, {"time": "1:30:00 AM", "occupancy": "0"}, {"time": "1:45:00 AM", "occupancy": "0"}, {"time": "2:00:00 AM", "occupancy": "0"}, {"time": "2:15:00 AM", "occupancy": "0"}, {"time": "2:30:00 AM", "occupancy": "0"}, {"time": "2:45:00 AM", "occupancy": "0"}, {"time": "3:00:00 AM", "occupancy": "0"}, {"time": "3:15:00 AM", "occupancy": "0"}, {"time": "3:30:00 AM", "occupancy": "0"}, {"time": "3:45:00 AM", "occupancy": "0"}, {"time": "4:00:00 AM", "occupancy": "0"}, {"time": "4:15:00 AM", "occupancy": "0"}, {"time": "4:30:00 AM", "occupancy": "0"}, {"time": "4:45:00 AM", "occupancy": "0"}, {"time": "5:00:00 AM", "occupancy": "0"}, {"time": "5:15:00 AM", "occupancy": "0"}, {"time": "5:30:00 AM", "occupancy": "0"}, {"time": "5:45:00 AM", "occupancy": "0"}, {"time": "6:00:00 AM", "occupancy": "0"}, {"time": "6:15:00 AM", "occupancy": "0"}, {"time": "6:30:00 AM", "occupancy": "0"}, {"time": "6:45:00 AM", "occupancy": "0"}, {"time": "7:00:00 AM", "occupancy": "1"}, {"time": "7:15:00 AM", "occupancy": "1"}, {"time": "7:30:00 AM", "occupancy": "2"}, {"time": "7:45:00 AM", "occupancy": "2"}, {"time": "8:00:00 AM", "occupancy": "2"}, {"time": "8:15:00 AM", "occupancy": "2"}, {"time": "8:30:00 AM", "occupancy": "2"}, {"time": "8:45:00 AM", "occupancy": "5"}, {"time": "9:00:00 AM", "occupancy": "5"}, {"time": "9:15:00 AM", "occupancy": "5"}, {"time": "9:30:00 AM", "occupancy": "5"}, {"time": "9:45:00 AM", "occupancy": "5"}, {"time": "10:00:00 AM", "occupancy": "5"}, {"time": "10:15:00 AM", "occupancy": "5"}, {"time": "10:30:00 AM", "occupancy": "5"}, {"time": "10:45:00 AM", "occupancy": "5"}, {"time": "11:00:00 AM", "occupancy": "5"}, {"time": "11:15:00 AM", "occupancy": "5"}, {"time": "11:30:00 AM", "occupancy": "5"}, {"time": "11:45:00 AM", "occupancy": "5"}, {"time": "12:00:00 PM", "occupancy": "5"}, {"time": "12:15:00 PM", "occupancy": "5"}, {"time": "12:30:00 PM", "occupancy": "5"}, {"time": "12:45:00 PM", "occupancy": "5"}, {"time": "1:00:00 PM", "occupancy": "6"}, {"time": "1:15:00 PM", "occupancy": "6"}, {"time": "1:30:00 PM", "occupancy": "6"}, {"time": "1:45:00 PM", "occupancy": "6"}, {"time": "2:00:00 PM", "occupancy": "6"}, {"time": "2:15:00 PM", "occupancy": "6"}, {"time": "2:30:00 PM", "occupancy": "6"}, {"time": "2:45:00 PM", "occupancy": "4"}, {"time": "3:00:00 PM", "occupancy": "4"}, {"time": "3:15:00 PM", "occupancy": "4"}, {"time": "3:30:00 PM", "occupancy": "4"}, {"time": "3:45:00 PM", "occupancy": "4"}, {"time": "4:00:00 PM", "occupancy": "4"}, {"time": "4:15:00 PM", "occupancy": "4"}, {"time": "4:30:00 PM", "occupancy": "4"}, {"time": "4:45:00 PM", "occupancy": "4"}, {"time": "5:00:00 PM", "occupancy": "4"}, {"time": "5:15:00 PM", "occupancy": "4"}, {"time": "5:30:00 PM", "occupancy": "1"}, {"time": "5:45:00 PM", "occupancy": "1"}, {"time": "6:00:00 PM", "occupancy": "1"}, {"time": "6:15:00 PM", "occupancy": "1"}, {"time": "6:30:00 PM", "occupancy": "1"}, {"time": "6:45:00 PM", "occupancy": "1"}, {"time": "7:00:00 PM", "occupancy": "1"}, {"time": "7:15:00 PM", "occupancy": "1"}, {"time": "7:30:00 PM", "occupancy": "1"}, {"time": "7:45:00 PM", "occupancy": "0"}, {"time": "8:00:00 PM", "occupancy": "0"}, {"time": "8:15:00 PM", "occupancy": "0"}, {"time": "8:30:00 PM", "occupancy": "0"}, {"time": "8:45:00 PM", "occupancy": "0"}, {"time": "9:00:00 PM", "occupancy": "0"}, {"time": "9:15:00 PM", "occupancy": "0"}, {"time": "9:30:00 PM", "occupancy": "0"}, {"time": "9:45:00 PM", "occupancy": "0"}, {"time": "10:00:00 PM", "occupancy": "0"}, {"time": "10:15:00 PM", "occupancy": "0"}, {"time": "10:30:00 PM", "occupancy": "0"}, {"time": "10:45:00 PM", "occupancy": "0"}, {"time": "11:00:00 PM", "occupancy": "0"}, {"time": "11:15:00 PM", "occupancy": "0"}, {"time": "11:30:00 PM", "occupancy": "0"}, {"time": "11:45:00 PM", "occupancy": "0"}, {"time": "11:59:59 PM", "occupancy": "0"}], "Room 102": [{"time": "12:00:00 AM", "occupancy": "0"}, {"time": "12:15:00 AM", "occupancy": "0"}, {"time": "12:30:00 AM", "occupancy": "0"}, {"time": "12:45:00 AM", "occupancy": "0"}, {"time": "1:00:00 AM", "occupancy": "0"}, {"time": "1:15:00 AM", "occupancy": "0"}, {"time": "1:30:00 AM", "occupancy": "0"}, {"time": "1:45:00 AM", "occupancy": "0"}, {"time": "2:00:00 AM", "occupancy": "0"}, {"time": "2:15:00 AM", "occupancy": "0"}, {"time": "2:30:00 AM", "occupancy": "0"}, {"time": "2:45:00 AM", "occupancy": "0"}, {"time": "3:00:00 AM", "occupancy": "0"}, {"time": "3:15:00 AM", "occupancy": "0"}, {"time": "3:30:00 AM", "occupancy": "0"}, {"time": "3:45:00 AM", "occupancy": "0"}, {"time": "4:00:00 AM", "occupancy": "0"}, {"time": "4:15:00 AM", "occupancy": "0"}, {"time": "4:30:00 AM", "occupancy": "0"}, {"time": "4:45:00 AM", "occupancy": "0"}, {"time": "5:00:00 AM", "occupancy": "0"}, {"time": "5:15:00 AM", "occupancy": "0"}, {"time": "5:30:00 AM", "occupancy": "0"}, {"time": "5:45:00 AM", "occupancy": "0"}, {"time": "6:00:00 AM", "occupancy": "0"}, {"time": "6:15:00 AM", "occupancy": "0"}, {"time": "6:30:00 AM", "occupancy": "0"}, {"time": "6:45:00 AM", "occupancy": "0"}, {"time": "7:00:00 AM", "occupancy": "2"}, {"time": "7:15:00 AM", "occupancy": "2"}, {"time": "7:30:00 AM", "occupancy": "2"}, {"time": "7:45:00 AM", "occupancy": "2"}, {"time": "8:00:00 AM", "occupancy": "2"}, {"time": "8:15:00 AM", "occupancy": "2"}, {"time": "8:30:00 AM", "occupancy": "2"}, {"time": "8:45:00 AM", "occupancy": "2"}, {"time": "9:00:00 AM", "occupancy": "2"}, {"time": "9:15:00 AM", "occupancy": "4"}, {"time": "9:30:00 AM", "occupancy": "4"}, {"time": "9:45:00 AM", "occupancy": "4"}, {"time": "10:00:00 AM", "occupancy": "4"}, {"time": "10:15:00 AM", "occupancy": "4"}, {"time": "10:30:00 AM", "occupancy": "4"}, {"time": "10:45:00 AM", "occupancy": "4"}, {"time": "11:00:00 AM", "occupancy": "4"}, {"time": "11:15:00 AM", "occupancy": "4"}, {"time": "11:30:00 AM", "occupancy": "4"}, {"time": "11:45:00 AM", "occupancy": "4"}, {"time": "12:00:00 PM", "occupancy": "4"}, {"time": "12:15:00 PM", "occupancy": "4"}, {"time": "12:30:00 PM", "occupancy": "4"}, {"time": "12:45:00 PM", "occupancy": "4"}, {"time": "1:00:00 PM", "occupancy": "4"}, {"time": "1:15:00 PM", "occupancy": "4"}, {"time": "1:30:00 PM", "occupancy": "4"}, {"time": "1:45:00 PM", "occupancy": "4"}, {"time": "2:00:00 PM", "occupancy": "4"}, {"time": "2:15:00 PM", "occupancy": "4"}, {"time": "2:30:00 PM", "occupancy": "4"}, {"time": "2:45:00 PM", "occupancy": "4"}, {"time": "3:00:00 PM", "occupancy": "4"}, {"time": "3:15:00 PM", "occupancy": "4"}, {"time": "3:30:00 PM", "occupancy": "4"}, {"time": "3:45:00 PM", "occupancy": "4"}, {"time": "4:00:00 PM", "occupancy": "4"}, {"time": "4:15:00 PM", "occupancy": "4"}, {"time": "4:30:00 PM", "occupancy": "4"}, {"time": "4:45:00 PM", "occupancy": "4"}, {"time": "5:00:00 PM", "occupancy": "4"}, {"time": "5:15:00 PM", "occupancy": "4"}, {"time": "5:30:00 PM", "occupancy": "4"}, {"time": "5:45:00 PM", "occupancy": "4"}, {"time": "6:00:00 PM", "occupancy": "4"}, {"time": "6:15:00 PM", "occupancy": "4"}, {"time": "6:30:00 PM", "occupancy": "4"}, {"time": "6:45:00 PM", "occupancy": "4"}, {"time": "7:00:00 PM", "occupancy": "4"}, {"time": "7:15:00 PM", "occupancy": "4"}, {"time": "7:30:00 PM", "occupancy": "4"}, {"time": "7:45:00 PM", "occupancy": "4"}, {"time": "8:00:00 PM", "occupancy": "4"}, {"time": "8:15:00 PM", "occupancy": "4"}, {"time": "8:30:00 PM", "occupancy": "4"}, {"time": "8:45:00 PM", "occupancy": "4"}, {"time": "9:00:00 PM", "occupancy": "4"}, {"time": "9:15:00 PM", "occupancy": "4"}, {"time": "9:30:00 PM", "occupancy": "4"}, {"time": "9:45:00 PM", "occupancy": "4"}, {"time": "10:00:00 PM", "occupancy": "4"}, {"time": "10:15:00 PM", "occupancy": "4"}, {"time": "10:30:00 PM", "occupancy": "4"}, {"time": "10:45:00 PM", "occupancy": "4"}, {"time": "11:00:00 PM", "occupancy": "4"}, {"time": "11:15:00 PM", "occupancy": "4"}, {"time": "11:30:00 PM", "occupancy": "4"}, {"time": "11:45:00 PM", "occupancy": "4"}, {"time": "11:59:59 PM", "occupancy": "4"}], "Room 103": [{"time": "12:00:00 AM", "occupancy": "4"}, {"time": "12:15:00 AM", "occupancy": "4"}, {"time": "12:30:00 AM", "occupancy": "4"}, {"time": "12:45:00 AM", "occupancy": "4"}, {"time": "1:00:00 AM", "occupancy": "4"}, {"time": "1:15:00 AM", "occupancy": "4"}, {"time": "1:30:00 AM", "occupancy": "4"}, {"time": "1:45:00 AM", "occupancy": "4"}, {"time": "2:00:00 AM", "occupancy": "4"}, {"time": "2:15:00 AM", "occupancy": "4"}, {"time": "2:30:00 AM", "occupancy": "4"}, {"time": "2:45:00 AM", "occupancy": "4"}, {"time": "3:00:00 AM", "occupancy": "4"}, {"time": "3:15:00 AM", "occupancy": "4"}, {"time": "3:30:00 AM", "occupancy": "4"}, {"time": "3:45:00 AM", "occupancy": "4"}, {"time": "4:00:00 AM", "occupancy": "4"}, {"time": "4:15:00 AM", "occupancy": "4"}, {"time": "4:30:00 AM", "occupancy": "4"}, {"time": "4:45:00 AM", "occupancy": "4"}, {"time": "5:00:00 AM", "occupancy": "4"}, {"time": "5:15:00 AM", "occupancy": "4"}, {"time": "5:30:00 AM", "occupancy": "4"}, {"time": "5:45:00 AM", "occupancy": "4"}, {"time": "6:00:00 AM", "occupancy": "4"}, {"time": "6:15:00 AM", "occupancy": "4"}, {"time": "6:30:00 AM", "occupancy": "4"}, {"time": "6:45:00 AM", "occupancy": "4"}, {"time": "7:00:00 AM", "occupancy": "4"}, {"time": "7:15:00 AM", "occupancy": "4"}, {"time": "7:30:00 AM", "occupancy": "4"}, {"time": "7:45:00 AM", "occupancy": "4"}, {"time": "8:00:00 AM", "occupancy": "4"}, {"time": "8:15:00 AM", "occupancy": "4"}, {"time": "8:30:00 AM", "occupancy": "4"}, {"time": "8:45:00 AM", "occupancy": "4"}, {"time": "9:00:00 AM", "occupancy": "4"}, {"time": "9:15:00 AM", "occupancy": "4"}, {"time": "9:30:00 AM", "occupancy": "4"}, {"time": "9:45:00 AM", "occupancy": "4"}, {"time": "10:00:00 AM", "occupancy": "4"}, {"time": "10:15:00 AM", "occupancy": "4"}, {"time": "10:30:00 AM", "occupancy": "4"}, {"time": "10:45:00 AM", "occupancy": "4"}, {"time": "11:00:00 AM", "occupancy": "4"}, {"time": "11:15:00 AM", "occupancy": "4"}, {"time": "11:30:00 AM", "occupancy": "4"}, {"time": "11:45:00 AM", "occupancy": "4"}, {"time": "12:00:00 PM", "occupancy": "4"}, {"time": "12:15:00 PM", "occupancy": "4"}, {"time": "12:30:00 PM", "occupancy": "4"}, {"time": "12:45:00 PM", "occupancy": "4"}, {"time": "1:00:00 PM", "occupancy": "4"}, {"time": "1:15:00 PM", "occupancy": "4"}, {"time": "1:30:00 PM", "occupancy": "4"}, {"time": "1:45:00 PM", "occupancy": "4"}, {"time": "2:00:00 PM", "occupancy": "4"}, {"time": "2:15:00 PM", "occupancy": "4"}, {"time": "2:30:00 PM", "occupancy": "4"}, {"time": "2:45:00 PM", "occupancy": "4"}, {"time": "3:00:00 PM", "occupancy": "4"}, {"time": "3:15:00 PM", "occupancy": "4"}, {"time": "3:30:00 PM", "occupancy": "4"}, {"time": "3:45:00 PM", "occupancy": "4"}, {"time": "4:00:00 PM", "occupancy": "4"}, {"time": "4:15:00 PM", "occupancy": "4"}, {"time": "4:30:00 PM", "occupancy": "4"}, {"time": "4:45:00 PM", "occupancy": "4"}, {"time": "5:00:00 PM", "occupancy": "0"}, {"time": "5:15:00 PM", "occupancy": "0"}, {"time": "5:30:00 PM", "occupancy": "0"}, {"time": "5:45:00 PM", "occupancy": "0"}, {"time": "6:00:00 PM", "occupancy": "0"}, {"time": "6:15:00 PM", "occupancy": "0"}, {"time": "6:30:00 PM", "occupancy": "0"}, {"time": "6:45:00 PM", "occupancy": "0"}, {"time": "7:00:00 PM", "occupancy": "0"}, {"time": "7:15:00 PM", "occupancy": "0"}, {"time": "7:30:00 PM", "occupancy": "0"}, {"time": "7:45:00 PM", "occupancy": "0"}, {"time": "8:00:00 PM", "occupancy": "0"}, {"time": "8:15:00 PM", "occupancy": "0"}, {"time": "8:30:00 PM", "occupancy": "0"}, {"time": "8:45:00 PM", "occupancy": "0"}, {"time": "9:00:00 PM", "occupancy": "0"}, {"time": "9:15:00 PM", "occupancy": "0"}, {"time": "9:30:00 PM", "occupancy": "0"}, {"time": "9:45:00 PM", "occupancy": "0"}, {"time": "10:00:00 PM", "occupancy": "0"}, {"time": "10:15:00 PM", "occupancy": "0"}, {"time": "10:30:00 PM", "occupancy": "0"}, {"time": "10:45:00 PM", "occupancy": "0"}, {"time": "11:00:00 PM", "occupancy": "0"}, {"time": "11:15:00 PM", "occupancy": "0"}, {"time": "11:30:00 PM", "occupancy": "0"}, {"time": "11:45:00 PM", "occupancy": "0"}, {"time": "11:59:59 PM", "occupancy": "0"}], "Room 104": [{"time": "12:00:00 AM", "occupancy": "0"}, {"time": "12:15:00 AM", "occupancy": "0"}, {"time": "12:30:00 AM", "occupancy": "0"}, {"time": "12:45:00 AM", "occupancy": "0"}, {"time": "1:00:00 AM", "occupancy": "0"}, {"time": "1:15:00 AM", "occupancy": "0"}, {"time": "1:30:00 AM", "occupancy": "0"}, {"time": "1:45:00 AM", "occupancy": "0"}, {"time": "2:00:00 AM", "occupancy": "0"}, {"time": "2:15:00 AM", "occupancy": "0"}, {"time": "2:30:00 AM", "occupancy": "0"}, {"time": "2:45:00 AM", "occupancy": "0"}, {"time": "3:00:00 AM", "occupancy": "0"}, {"time": "3:15:00 AM", "occupancy": "0"}, {"time": "3:30:00 AM", "occupancy": "0"}, {"time": "3:45:00 AM", "occupancy": "0"}, {"time": "4:00:00 AM", "occupancy": "0"}, {"time": "4:15:00 AM", "occupancy": "0"}, {"time": "4:30:00 AM", "occupancy": "0"}, {"time": "4:45:00 AM", "occupancy": "0"}, {"time": "5:00:00 AM", "occupancy": "0"}, {"time": "5:15:00 AM", "occupancy": "0"}, {"time": "5:30:00 AM", "occupancy": "0"}, {"time": "5:45:00 AM", "occupancy": "0"}, {"time": "6:00:00 AM", "occupancy": "0"}, {"time": "6:15:00 AM", "occupancy": "0"}, {"time": "6:30:00 AM", "occupancy": "0"}, {"time": "6:45:00 AM", "occupancy": "0"}, {"time": "7:00:00 AM", "occupancy": "0"}, {"time": "7:15:00 AM", "occupancy": "0"}, {"time": "7:30:00 AM", "occupancy": "0"}, {"time": "7:45:00 AM", "occupancy": "0"}, {"time": "8:00:00 AM", "occupancy": "0"}, {"time": "8:15:00 AM", "occupancy": "0"}, {"time": "8:30:00 AM", "occupancy": "0"}, {"time": "8:45:00 AM", "occupancy": "0"}, {"time": "9:00:00 AM", "occupancy": "1"}, {"time": "9:15:00 AM", "occupancy": "1"}, {"time": "9:30:00 AM", "occupancy": "1"}, {"time": "9:45:00 AM", "occupancy": "1"}, {"time": "10:00:00 AM", "occupancy": "1"}, {"time": "10:15:00 AM", "occupancy": "1"}, {"time": "10:30:00 AM", "occupancy": "1"}, {"time": "10:45:00 AM", "occupancy": "1"}, {"time": "11:00:00 AM", "occupancy": "1"}, {"time": "11:15:00 AM", "occupancy": "0"}, {"time": "11:30:00 AM", "occupancy": "0"}, {"time": "11:45:00 AM", "occupancy": "0"}, {"time": "12:00:00 PM", "occupancy": "0"}, {"time": "12:15:00 PM", "occupancy": "0"}, {"time": "12:30:00 PM", "occupancy": "0"}, {"time": "12:45:00 PM", "occupancy": "0"}, {"time": "1:00:00 PM", "occupancy": "0"}, {"time": "1:15:00 PM", "occupancy": "0"}, {"time": "1:30:00 PM", "occupancy": "0"}, {"time": "1:45:00 PM", "occupancy": "0"}, {"time": "2:00:00 PM", "occupancy": "0"}, {"time": "2:15:00 PM", "occupancy": "1"}, {"time": "2:30:00 PM", "occupancy": "1"}, {"time": "2:45:00 PM", "occupancy": "1"}, {"time": "3:00:00 PM", "occupancy": "1"}, {"time": "3:15:00 PM", "occupancy": "1"}, {"time": "3:30:00 PM", "occupancy": "1"}, {"time": "3:45:00 PM", "occupancy": "1"}, {"time": "4:00:00 PM", "occupancy": "1"}, {"time": "4:15:00 PM", "occupancy": "1"}, {"time": "4:30:00 PM", "occupancy": "1"}, {"time": "4:45:00 PM", "occupancy": "1"}, {"time": "5:00:00 PM", "occupancy": "1"}, {"time": "5:15:00 PM", "occupancy": "0"}, {"time": "5:30:00 PM", "occupancy": "0"}, {"time": "5:45:00 PM", "occupancy": "0"}, {"time": "6:00:00 PM", "occupancy": "0"}, {"time": "6:15:00 PM", "occupancy": "0"}, {"time": "6:30:00 PM", "occupancy": "0"}, {"time": "6:45:00 PM", "occupancy": "0"}, {"time": "7:00:00 PM", "occupancy": "0"}, {"time": "7:15:00 PM", "occupancy": "0"}, {"time": "7:30:00 PM", "occupancy": "0"}, {"time": "7:45:00 PM", "occupancy": "0"}, {"time": "8:00:00 PM", "occupancy": "0"}, {"time": "8:15:00 PM", "occupancy": "0"}, {"time": "8:30:00 PM", "occupancy": "0"}, {"time": "8:45:00 PM", "occupancy": "0"}, {"time": "9:00:00 PM", "occupancy": "0"}, {"time": "9:15:00 PM", "occupancy": "0"}, {"time": "9:30:00 PM", "occupancy": "0"}, {"time": "9:45:00 PM", "occupancy": "0"}, {"time": "10:00:00 PM", "occupancy": "0"}, {"time": "10:15:00 PM", "occupancy": "0"}, {"time": "10:30:00 PM", "occupancy": "0"}, {"time": "10:45:00 PM", "occupancy": "0"}, {"time": "11:00:00 PM", "occupancy": "0"}, {"time": "11:15:00 PM", "occupancy": "0"}, {"time": "11:30:00 PM", "occupancy": "0"}, {"time": "11:45:00 PM", "occupancy": "0"}, {"time": "11:59:59 PM", "occupancy": "0"}], "Room 105": [{"time": "12:00:00 AM", "occupancy": "0"}, {"time": "12:15:00 AM", "occupancy": "0"}, {"time": "12:30:00 AM", "occupancy": "0"}, {"time": "12:45:00 AM", "occupancy": "0"}, {"time": "1:00:00 AM", "occupancy": "0"}, {"time": "1:15:00 AM", "occupancy": "0"}, {"time": "1:30:00 AM", "occupancy": "0"}, {"time": "1:45:00 AM", "occupancy": "0"}, {"time": "2:00:00 AM", "occupancy": "0"}, {"time": "2:15:00 AM", "occupancy": "0"}, {"time": "2:30:00 AM", "occupancy": "0"}, {"time": "2:45:00 AM", "occupancy": "0"}, {"time": "3:00:00 AM", "occupancy": "0"}, {"time": "3:15:00 AM", "occupancy": "0"}, {"time": "3:30:00 AM", "occupancy": "0"}, {"time": "3:45:00 AM", "occupancy": "0"}, {"time": "4:00:00 AM", "occupancy": "0"}, {"time": "4:15:00 AM", "occupancy": "0"}, {"time": "4:30:00 AM", "occupancy": "0"}, {"time": "4:45:00 AM", "occupancy": "0"}, {"time": "5:00:00 AM", "occupancy": "0"}, {"time": "5:15:00 AM", "occupancy": "0"}, {"time": "5:30:00 AM", "occupancy": "0"}, {"time": "5:45:00 AM", "occupancy": "0"}, {"time": "6:00:00 AM", "occupancy": "0"}, {"time": "6:15:00 AM", "occupancy": "0"}, {"time": "6:30:00 AM", "occupancy": "0"}, {"time": "6:45:00 AM", "occupancy": "0"}, {"time": "7:00:00 AM", "occupancy": "1"}, {"time": "7:15:00 AM", "occupancy": "1"}, {"time": "7:30:00 AM", "occupancy": "2"}, {"time": "7:45:00 AM", "occupancy": "2"}, {"time": "8:00:00 AM", "occupancy": "2"}, {"time": "8:15:00 AM", "occupancy": "2"}, {"time": "8:30:00 AM", "occupancy": "2"}, {"time": "8:45:00 AM", "occupancy": "3"}, {"time": "9:00:00 AM", "occupancy": "3"}, {"time": "9:15:00 AM", "occupancy": "3"}, {"time": "9:30:00 AM", "occupancy": "3"}, {"time": "9:45:00 AM", "occupancy": "3"}, {"time": "10:00:00 AM", "occupancy": "3"}, {"time": "10:15:00 AM", "occupancy": "3"}, {"time": "10:30:00 AM", "occupancy": "3"}, {"time": "10:45:00 AM", "occupancy": "3"}, {"time": "11:00:00 AM", "occupancy": "3"}, {"time": "11:15:00 AM", "occupancy": "3"}, {"time": "11:30:00 AM", "occupancy": "3"}, {"time": "11:45:00 AM", "occupancy": "3"}, {"time": "12:00:00 PM", "occupancy": "5"}, {"time": "12:15:00 PM", "occupancy": "5"}, {"time": "12:30:00 PM", "occupancy": "5"}, {"time": "12:45:00 PM", "occupancy": "5"}, {"time": "1:00:00 PM", "occupancy": "6"}, {"time": "1:15:00 PM", "occupancy": "6"}, {"time": "1:30:00 PM", "occupancy": "6"}, {"time": "1:45:00 PM", "occupancy": "6"}, {"time": "2:00:00 PM", "occupancy": "5"}, {"time": "2:15:00 PM", "occupancy": "5"}, {"time": "2:30:00 PM", "occupancy": "5"}, {"time": "2:45:00 PM", "occupancy": "5"}, {"time": "3:00:00 PM", "occupancy": "5"}, {"time": "3:15:00 PM", "occupancy": "5"}, {"time": "3:30:00 PM", "occupancy": "5"}, {"time": "3:45:00 PM", "occupancy": "5"}, {"time": "4:00:00 PM", "occupancy": "5"}, {"time": "4:15:00 PM", "occupancy": "4"}, {"time": "4:30:00 PM", "occupancy": "4"}, {"time": "4:45:00 PM", "occupancy": "4"}, {"time": "5:00:00 PM", "occupancy": "4"}, {"time": "5:15:00 PM", "occupancy": "4"}, {"time": "5:30:00 PM", "occupancy": "2"}, {"time": "5:45:00 PM", "occupancy": "2"}, {"time": "6:00:00 PM", "occupancy": "2"}, {"time": "6:15:00 PM", "occupancy": "2"}, {"time": "6:30:00 PM", "occupancy": "2"}, {"time": "6:45:00 PM", "occupancy": "2"}, {"time": "7:00:00 PM", "occupancy": "2"}, {"time": "7:15:00 PM", "occupancy": "2"}, {"time": "7:30:00 PM", "occupancy": "2"}, {"time": "7:45:00 PM", "occupancy": "0"}, {"time": "8:00:00 PM", "occupancy": "0"}, {"time": "8:15:00 PM", "occupancy": "0"}, {"time": "8:30:00 PM", "occupancy": "0"}, {"time": "8:45:00 PM", "occupancy": "0"}, {"time": "9:00:00 PM", "occupancy": "0"}, {"time": "9:15:00 PM", "occupancy": "0"}, {"time": "9:30:00 PM", "occupancy": "0"}, {"time": "9:45:00 PM", "occupancy": "0"}, {"time": "10:00:00 PM", "occupancy": "0"}, {"time": "10:15:00 PM", "occupancy": "0"}, {"time": "10:30:00 PM", "occupancy": "0"}, {"time": "10:45:00 PM", "occupancy": "0"}, {"time": "11:00:00 PM", "occupancy": "0"}, {"time": "11:15:00 PM", "occupancy": "0"}, {"time": "11:30:00 PM", "occupancy": "0"}, {"time": "11:45:00 PM", "occupancy": "0"}, {"time": "11:59:59 PM", "occupancy": "0"}]}